algorithm,nClusters,xCen,yCen
MDS,2,-1.8207365320048154,0.3291081097442549
MDS,2,1.4896935261857585,-0.2692702716089358